date,commit_count
2024-05-03,5
2024-05-05,8
2024-05-06,12
2024-05-07,2
2024-05-08,8
2024-05-09,6
2024-05-10,4
2024-05-11,1
2024-05-12,6
2024-05-13,24
2024-05-14,21
2024-05-15,16
2024-05-16,1
2024-05-17,12
2024-05-18,3
2024-05-19,8
2024-05-20,9
2024-05-21,14
2024-05-22,17
2024-05-23,2
2024-05-24,1
2024-05-27,7
2024-05-28,12
2024-05-29,17
2024-05-30,14
2024-05-31,20
2024-06-02,9
2024-06-03,27
2024-06-04,10
2024-06-05,23
2024-06-06,3
2024-06-08,2
2024-06-09,1
2024-06-10,3
2024-06-11,1
2024-06-12,4
2024-06-13,10
2024-06-14,1
2024-06-16,8
2024-06-17,13
2024-06-18,13
2024-06-19,1
2024-06-20,6
2024-06-24,22
2024-06-25,12
2024-06-26,10
2024-06-27,13
2024-06-28,1
2024-06-30,6
2024-07-01,8
2024-07-02,24
2024-07-03,2
2024-07-07,2
2024-07-08,6
2024-07-09,6
2024-07-10,12
2024-07-14,1
2024-07-17,2
2024-07-18,4
2024-07-19,7
2024-07-21,5
2024-07-22,5
2024-07-23,1
2024-07-24,4
2024-07-25,2
2024-07-28,10
2024-07-29,2
2024-08-01,3
2024-08-02,6
2024-08-03,3
2024-08-04,3
2024-08-05,3
2024-09-02,1
2024-09-03,1
2024-09-04,1
2024-09-05,2
2024-09-08,1
2024-09-17,3
2024-09-18,3
2024-09-24,1
2024-09-26,4
2024-09-27,3
2024-09-28,7
2024-10-01,6
2024-10-02,17
2024-10-03,3
2024-10-04,2
2024-10-06,5
2024-10-07,13
2024-10-08,7
2024-10-10,3
2024-10-11,26
2024-10-12,2
2024-10-13,7
2024-10-14,5
2024-10-15,6
2024-10-16,2
2024-10-18,5
2024-10-21,1
2024-10-23,4
2024-10-25,5
2024-10-27,10
2024-10-28,2
2024-10-29,1
2024-10-30,13
2024-10-31,3
2024-11-01,10
2024-11-02,20
2024-11-03,25
2024-11-04,2
2024-11-06,1
2024-11-19,2
2024-11-20,3
2024-11-21,1
2024-11-22,1
2024-11-23,1
2024-11-24,4
2024-11-25,3
2024-11-27,3
2024-11-28,8
2024-11-29,3
2024-11-30,4
2024-12-01,3
2024-12-02,1
2024-12-03,5
2024-12-06,6
2024-12-10,5
2024-12-12,1
2024-12-15,4
2024-12-16,9
2024-12-17,7
2024-12-18,8
2024-12-19,1
2024-12-20,5
2024-12-23,11
2024-12-25,3
2024-12-26,1
2024-12-28,8
2024-12-29,1
2024-12-30,1
2025-01-05,3
2025-01-19,1
2025-01-20,5
2025-01-23,4
2025-01-24,4
2025-01-25,7
2025-01-26,1
2025-02-02,2
2025-02-03,18
2025-02-04,1
2025-02-05,2
2025-02-06,22
2025-02-07,14
2025-02-09,10
2025-02-10,13
2025-02-11,18
2025-02-12,9
2025-02-14,21
2025-02-17,5
2025-02-18,20
2025-02-19,4
2025-02-20,3
2025-02-24,4
2025-02-26,3
2025-02-27,1
2025-03-02,3
2025-03-06,3
2025-03-14,2
2025-03-18,2
2025-03-19,4
2025-03-21,1
2025-03-24,8
2025-03-25,7
2025-04-06,2
2025-04-07,21
2025-04-08,14
2025-04-15,1
2025-04-17,4
2025-04-29,1
